{
    "test_loss": 0.02199242834467441,
    "test_accuracy": 99.3,
    "per_class_accuracy": {
        "0": 99.89795918367346,
        "1": 99.91189427312776,
        "2": 99.12790697674419,
        "3": 99.5049504950495,
        "4": 99.4908350305499,
        "5": 99.55156950672645,
        "6": 98.32985386221294,
        "7": 99.41634241245137,
        "8": 98.870636550308,
        "9": 98.81070366699703
    }
}