{
    "train_loss": [
        0.38799294670422874,
        0.1694239682580034,
        0.13865134276822208,
        0.12445051950650911,
        0.11096292757367095,
        0.10636268604236344,
        0.0842573242901514,
        0.07957046179721752,
        0.0773580588431408,
        0.07623664985783399
    ],
    "train_acc": [
        87.65,
        94.7375,
        95.78541666666666,
        96.11041666666667,
        96.64791666666666,
        96.68958333333333,
        97.39791666666666,
        97.54166666666667,
        97.62916666666666,
        97.65833333333333
    ],
    "val_loss": [
        0.13939574485023817,
        0.11306305912633736,
        0.07709878652046125,
        0.07973819877952337,
        0.08128266719480355,
        0.07976126049955685,
        0.05650685556853811,
        0.050443523253003754,
        0.05357952540119489,
        0.05018495706220468
    ],
    "val_acc": [
        95.71666666666667,
        96.5,
        97.73333333333333,
        97.475,
        97.575,
        97.475,
        98.2,
        98.5,
        98.51666666666667,
        98.41666666666667
    ],
    "learning_rates": [
        0.001,
        0.001,
        0.001,
        0.001,
        0.001,
        0.0005,
        0.0005,
        0.0005,
        0.0005,
        0.0005
    ]
}